geoid (zcta),state_abbr,lon,lat,count_prop,days_above_100_today,days_above_100_30yrs,change_days_above_100,change_perc_above_100
60002,il,-88.08683,42.46951,14917,8,14,6,75
60004,il,-87.97916,42.11199,14895,8,15,7,87.5
60005,il,-87.98557,42.06386,7712,8,15,7,87.5
60007,il,-87.99306,42.00757,10974,8,16,8,100
60008,il,-88.02267,42.07446,5740,8,15,7,87.5
60010,il,-88.1635,42.15233,19690,8,15,7,87.5
60012,il,-88.31261,42.27209,4525,8,15,7,87.5
60013,il,-88.23585,42.22033,10708,8,15,7,87.5
60014,il,-88.32729,42.23202,18422,8,16,8,100
60015,il,-87.87477,42.17249,8578,6,12,6,100
60016,il,-87.89167,42.04973,13945,8,14,6,75
60018,il,-87.89697,41.99747,9163,8,15,7,87.5
60020,il,-88.1775,42.39195,4558,7,14,7,100
60021,il,-88.21821,42.19486,2425,8,15,7,87.5
60022,il,-87.7621,42.13662,3371,6,11,5,83.3
60025,il,-87.82038,42.07542,12407,6,12,6,100
60026,il,-87.83745,42.09223,3764,7,12,5,71.4
60029,il,-87.77834,42.05925,201,7,13,6,85.7
60030,il,-88.04462,42.33669,13541,7,14,7,100
60031,il,-87.9411,42.37506,13112,6,12,6,100
60033,il,-88.60764,42.42473,7725,10,18,8,80
60034,il,-88.42006,42.45635,1556,10,17,7,70
60035,il,-87.80539,42.1846,11096,6,11,5,83.3
60040,il,-87.81309,42.20632,1306,6,11,5,83.3
60041,il,-88.15541,42.36837,5091,7,14,7,100
60042,il,-88.19789,42.2791,4278,8,15,7,87.5
60043,il,-87.71458,42.08886,1000,6,11,5,83.3
60044,il,-87.86115,42.28569,4016,5,10,5,100
60045,il,-87.86608,42.23896,8458,6,11,5,83.3
60046,il,-88.06044,42.41608,15206,8,14,6,75
60047,il,-88.04545,42.20224,16846,8,14,6,75
60048,il,-87.9498,42.29524,10773,6,12,6,100
60050,il,-88.29551,42.33118,13716,8,15,7,87.5
60051,il,-88.22932,42.35419,14770,8,15,7,87.5
60053,il,-87.78895,42.04234,8915,7,13,6,85.7
60056,il,-87.93435,42.06653,14796,8,15,7,87.5
60060,il,-88.03974,42.2699,13264,7,14,7,100
60061,il,-87.96071,42.23375,6999,7,13,6,85.7
60062,il,-87.84438,42.12656,13943,6,12,6,100
60064,il,-87.85633,42.32472,4904,5,10,5,100
60067,il,-88.06542,42.1066,13022,8,15,7,87.5
60068,il,-87.84356,42.01252,13505,7,14,7,100
60069,il,-87.92608,42.19762,3293,6,12,6,100
60070,il,-87.93008,42.10343,2734,7,14,7,100
60071,il,-88.31322,42.46355,2338,9,16,7,77.8
60072,il,-88.30591,42.40667,792,9,16,7,77.8
60073,il,-88.10983,42.34811,20320,8,14,6,75
60074,il,-88.02658,42.13153,6970,8,14,6,75
60076,il,-87.72993,42.03526,12328,6,12,6,100
60077,il,-87.75719,42.03475,7601,7,13,6,85.7
60081,il,-88.22628,42.45045,6793,8,15,7,87.5
60083,il,-87.94591,42.43617,4252,5,10,5,100
60084,il,-88.1409,42.26784,6876,8,14,6,75
60085,il,-87.8652,42.35419,16028,5,10,5,100
60087,il,-87.85143,42.40323,9212,5,10,5,100
60088,il,-87.84451,42.30941,36,5,10,5,100
60089,il,-87.96062,42.16695,10946,7,14,7,100
60090,il,-87.92194,42.12948,7307,7,13,6,85.7
60091,il,-87.72021,42.07881,9723,6,11,5,83.3
60093,il,-87.75354,42.10537,7542,6,11,5,83.3
60096,il,-87.82495,42.47945,3430,4,8,4,100
60097,il,-88.36479,42.39606,6704,9,16,7,77.8
60098,il,-88.45788,42.32518,14190,9,16,7,77.8
60099,il,-87.86726,42.46027,11990,4,9,5,125
60101,il,-88.01187,41.93067,11028,10,19,9,90
60102,il,-88.3068,42.16405,12393,8,16,8,100
60103,il,-88.20632,41.97939,13230,10,18,8,80
60104,il,-87.87643,41.88284,6586,8,16,8,100
60106,il,-87.94182,41.96043,6072,8,15,7,87.5
60107,il,-88.17928,42.02216,12664,10,18,8,80
60108,il,-88.09182,41.94931,7190,11,20,9,81.8
60109,il,-88.54586,42.04976,350,9,17,8,88.9
60110,il,-88.28604,42.12294,9854,9,16,7,77.8
60111,il,-88.82814,42.00817,260,9,18,9,100
60112,il,-88.69081,41.92429,2034,8,17,9,112.5
60113,il,-88.96592,41.93227,131,9,18,9,100
60115,il,-88.75479,41.90082,11994,9,17,8,88.9
60118,il,-88.30523,42.10671,6732,9,17,8,88.9
60119,il,-88.47671,41.86048,5412,10,19,9,90
60120,il,-88.23858,42.03449,14106,10,18,8,80
60123,il,-88.31131,42.04022,13292,9,17,8,88.9
60124,il,-88.39712,42.02582,11229,9,16,7,77.8
60126,il,-87.94203,41.89644,15887,9,17,8,88.9
60129,il,-88.95629,42.02644,224,9,18,9,100
60130,il,-87.8174,41.86643,3692,8,16,8,100
60131,il,-87.88428,41.93876,7596,8,15,7,87.5
60133,il,-88.14303,41.97763,9917,10,19,9,90
60134,il,-88.34199,41.87856,11399,10,19,9,90
60135,il,-88.67742,42.11221,3524,9,18,9,100
60136,il,-88.37824,42.10469,2777,8,16,8,100
60137,il,-88.06184,41.8651,12791,13,23,10,76.9
60139,il,-88.07783,41.91932,7358,12,21,9,75
60140,il,-88.50654,42.07838,10404,8,16,8,100
60141,il,-87.83808,41.8579,15,8,16,8,100
60142,il,-88.44255,42.17563,13376,9,16,7,77.8
60143,il,-88.02155,41.97303,3732,9,17,8,88.9
60144,il,-88.52039,41.83569,29,10,20,10,100
60145,il,-88.77656,42.09367,1480,9,18,9,100
60146,il,-88.88131,42.09945,1728,9,18,9,100
60148,il,-88.01816,41.87417,15399,12,22,10,83.3
60150,il,-88.88862,41.92497,1176,9,18,9,100
60151,il,-88.56666,41.91611,3085,9,18,9,100
60152,il,-88.62557,42.23697,7088,10,19,9,90
60153,il,-87.84326,41.87928,7784,8,16,8,100
60154,il,-87.89164,41.84747,8000,9,17,8,88.9
60155,il,-87.85627,41.85768,3222,8,16,8,100
60156,il,-88.34589,42.19142,9763,8,16,8,100
60157,il,-88.05539,41.97453,970,10,19,9,90
60160,il,-87.86066,41.90414,6375,8,16,8,100
60162,il,-87.90212,41.86757,2953,8,16,8,100
60163,il,-87.90906,41.88881,2500,8,16,8,100
60164,il,-87.9007,41.91751,6346,8,15,7,87.5
60165,il,-87.88071,41.90321,1255,8,16,8,100
60169,il,-88.11664,42.05038,8132,10,18,8,80
60171,il,-87.83837,41.92505,3004,8,15,7,87.5
60172,il,-88.08952,41.97972,8382,10,19,9,90
60173,il,-88.05195,42.0516,2174,9,16,7,77.8
60174,il,-88.29935,41.92726,12111,9,17,8,88.9
60175,il,-88.39105,41.94701,10078,9,17,8,88.9
60176,il,-87.86888,41.95812,3555,8,15,7,87.5
60177,il,-88.30994,41.9899,7482,9,17,8,88.9
60178,il,-88.66898,42.00639,10073,8,17,9,112.5
60180,il,-88.52467,42.2252,1234,9,18,9,100
60181,il,-87.97633,41.8782,9910,11,20,9,81.8
60184,il,-88.25363,41.95247,1306,9,18,9,100
60185,il,-88.21264,41.89479,11546,10,20,10,100
60187,il,-88.11229,41.87241,9210,12,22,10,83.3
60188,il,-88.12916,41.91582,10916,11,20,9,81.8
60189,il,-88.11786,41.83977,9056,13,24,11,84.6
60190,il,-88.15697,41.87168,4545,12,22,10,83.3
60191,il,-87.98077,41.96615,4939,8,16,8,100
60192,il,-88.18229,42.07368,5886,9,17,8,88.9
60193,il,-88.0963,42.01176,10443,10,18,8,80
60194,il,-88.11141,42.03364,4455,10,18,8,80
60195,il,-88.09127,42.06709,483,10,17,7,70
60201,il,-87.69213,42.05638,9260,6,12,6,100
60202,il,-87.68541,42.03078,6937,6,12,6,100
60203,il,-87.71746,42.04905,1788,6,12,6,100
60301,il,-87.79894,41.88856,299,8,15,7,87.5
60302,il,-87.7897,41.89461,7755,8,15,7,87.5
60304,il,-87.78948,41.87239,5515,8,15,7,87.5
60305,il,-87.81941,41.895,3435,8,16,8,100
60401,il,-87.61376,41.34396,4312,10,20,10,100
60402,il,-87.79141,41.83473,17444,8,15,7,87.5
60403,il,-88.11386,41.57229,6560,11,22,11,100
60404,il,-88.22307,41.50877,8165,12,24,12,100
60406,il,-87.68186,41.65474,8612,10,19,9,90
60407,il,-88.26934,41.23056,1104,12,25,13,108.3
60408,il,-88.21676,41.26375,2836,12,24,12,100
60409,il,-87.55133,41.61322,14609,10,20,10,100
60410,il,-88.21368,41.42202,5619,12,23,11,91.7
60411,il,-87.59057,41.50868,26151,10,19,9,90
60415,il,-87.77887,41.70297,3041,9,18,9,100
60416,il,-88.28183,41.29314,4510,12,24,12,100
60417,il,-87.59321,41.42887,8897,9,19,10,111.1
60419,il,-87.59939,41.6277,9098,10,20,10,100
60420,il,-88.41719,41.08771,2984,12,25,13,108.3
60421,il,-88.09954,41.43128,2794,11,22,11,100
60422,il,-87.6841,41.53697,3844,10,19,9,90
60423,il,-87.83791,41.47956,12936,10,20,10,100
60424,il,-88.32725,41.16822,1501,12,25,13,108.3
60425,il,-87.6117,41.54551,3277,10,20,10,100
60426,il,-87.6534,41.61034,18500,10,20,10,100
60428,il,-87.69057,41.5998,8959,9,19,10,111.1
60429,il,-87.68413,41.57369,6282,9,19,10,111.1
60430,il,-87.66475,41.55766,7713,10,19,9,90
60431,il,-88.20527,41.53265,10021,12,23,11,91.7
60432,il,-88.04163,41.54034,7894,12,22,10,83.3
60433,il,-88.04319,41.49967,7191,11,22,11,100
60435,il,-88.12988,41.54541,16165,11,22,11,100
60436,il,-88.12259,41.49229,7831,12,23,11,91.7
60437,il,-88.55345,41.16306,324,12,25,13,108.3
60438,il,-87.55086,41.56662,11785,11,21,10,90.9
60439,il,-87.9822,41.67521,10717,10,20,10,100
60440,il,-88.07508,41.70025,15436,11,21,10,90.9
60441,il,-88.0508,41.59297,14550,11,21,10,90.9
60442,il,-87.96352,41.39274,6052,11,22,11,100
60443,il,-87.74675,41.50373,7322,9,19,10,111.1
60444,il,-88.40226,41.24232,1387,12,24,12,100
60445,il,-87.73619,41.63502,8751,9,19,10,111.1
60446,il,-88.10457,41.63181,12905,11,22,11,100
60447,il,-88.32421,41.48821,6164,11,23,12,109.1
60448,il,-87.89376,41.5377,10059,10,20,10,100
60449,il,-87.77244,41.41567,4449,10,20,10,100
60450,il,-88.43288,41.3695,10670,12,23,11,91.7
60451,il,-87.96076,41.50693,13568,11,21,10,90.9
60452,il,-87.75526,41.60762,8869,9,18,9,100
60453,il,-87.75282,41.71427,19901,9,18,9,100
60455,il,-87.80865,41.7421,4574,9,17,8,88.9
60456,il,-87.73113,41.73125,1683,9,18,9,100
60457,il,-87.82805,41.72466,4106,9,18,9,100
60458,il,-87.83461,41.74896,2688,9,17,8,88.9
60459,il,-87.76858,41.74443,9622,8,17,9,112.5
60460,il,-88.53655,41.00119,1418,14,28,14,100
60461,il,-87.69085,41.51667,2099,9,19,10,111.1
60462,il,-87.83242,41.62488,12878,9,19,10,111.1
60463,il,-87.78996,41.66097,4966,9,18,9,100
60464,il,-87.86184,41.66251,3990,9,19,10,111.1
60465,il,-87.82892,41.69843,4755,9,18,9,100
60466,il,-87.68283,41.47905,6493,9,19,10,111.1
60467,il,-87.88989,41.6018,9784,10,20,10,100
60468,il,-87.81131,41.33632,3232,11,22,11,100
60469,il,-87.68706,41.62826,2759,10,19,9,90
60470,il,-88.64105,41.16898,737,12,25,13,108.3
60471,il,-87.73405,41.47956,4287,9,19,10,111.1
60472,il,-87.70869,41.64362,5704,10,19,9,90
60473,il,-87.59982,41.59739,9531,11,20,9,81.8
60474,il,-88.2662,41.18556,485,12,25,13,108.3
60475,il,-87.62777,41.47273,5889,9,19,10,111.1
60476,il,-87.60675,41.56867,1283,10,20,10,100
60477,il,-87.78869,41.57254,12071,9,19,10,111.1
60478,il,-87.72476,41.56367,5768,9,19,10,111.1
60479,il,-88.51789,41.22864,833,12,24,12,100
60480,il,-87.88093,41.72893,2587,9,18,9,100
60481,il,-88.12308,41.28401,8020,12,24,12,100
60482,il,-87.79116,41.6874,3219,9,18,9,100
60484,il,-87.7062,41.44208,2376,9,19,10,111.1
60487,il,-87.83423,41.56354,8641,10,20,10,100
60490,il,-88.14441,41.67476,6696,11,21,10,90.9
60491,il,-87.9599,41.60276,8982,10,20,10,100
60501,il,-87.82395,41.78014,3698,8,16,8,100
60502,il,-88.25904,41.79205,6432,11,21,10,90.9
60503,il,-88.25652,41.71279,4427,11,21,10,90.9
60504,il,-88.23847,41.74637,9670,11,21,10,90.9
60505,il,-88.2941,41.76428,15070,11,21,10,90.9
60506,il,-88.36502,41.76527,16151,11,21,10,90.9
60510,il,-88.30552,41.84211,10776,10,20,10,100
60511,il,-88.55602,41.75778,1322,11,21,10,90.9
60512,il,-88.43977,41.70162,723,11,21,10,90.9
60513,il,-87.84692,41.82457,8642,9,17,8,88.9
60514,il,-87.95692,41.79652,3074,11,20,9,81.8
60515,il,-88.02292,41.80957,10018,12,22,10,83.3
60516,il,-88.01357,41.76237,9811,12,22,10,83.3
60517,il,-88.04225,41.742,8203,11,22,11,100
60518,il,-88.91872,41.59771,3051,10,20,10,100
60519,il,-88.24243,41.77784,74,11,21,10,90.9
60520,il,-88.65813,41.78251,1686,10,20,10,100
60521,il,-87.92877,41.80005,6271,10,19,9,90
60523,il,-87.95403,41.83707,3838,11,20,9,81.8
60525,il,-87.86893,41.78424,10914,9,17,8,88.9
60526,il,-87.87398,41.8318,4550,9,17,8,88.9
60527,il,-87.93336,41.74464,8571,10,20,10,100
60530,il,-88.96065,41.79486,577,8,17,9,112.5
60531,il,-88.7869,41.6157,1447,10,20,10,100
60532,il,-88.08449,41.79238,7473,13,24,11,84.6
60534,il,-87.82207,41.81336,3445,8,16,8,100
60536,il,-88.54987,41.59711,67,10,20,10,100
60537,il,-88.60243,41.562,355,10,20,10,100
60538,il,-88.35914,41.72217,9637,11,21,10,90.9
60539,il,-88.33456,41.82562,14,10,20,10,100
60540,il,-88.14515,41.76365,13981,12,23,11,91.7
60541,il,-88.52539,41.51667,2390,10,20,10,100
60542,il,-88.35069,41.80929,6535,11,21,10,90.9
60543,il,-88.32321,41.66526,14654,11,21,10,90.9
60544,il,-88.21664,41.6134,11137,11,22,11,100
60545,il,-88.53665,41.67737,5839,11,21,10,90.9
60546,il,-87.82129,41.83793,6011,8,16,8,100
60548,il,-88.63618,41.64811,5124,10,21,11,110
60549,il,-88.74239,41.49085,655,10,20,10,100
60550,il,-88.87599,41.77879,980,8,18,10,125
60551,il,-88.68474,41.52537,2655,10,20,10,100
60552,il,-88.70301,41.65989,2378,10,21,11,110
60553,il,-89.02677,41.82788,782,9,19,10,111.1
60554,il,-88.45653,41.77604,5836,11,21,10,90.9
60555,il,-88.18134,41.82272,4713,12,22,10,83.3
60556,il,-88.77349,41.76267,1700,9,19,10,111.1
60557,il,-88.76396,41.44545,104,10,21,11,110
60558,il,-87.90159,41.80613,5288,9,18,9,100
60559,il,-87.97484,41.7939,6906,11,21,10,90.9
60560,il,-88.4297,41.60802,12075,10,21,11,110
60561,il,-87.98231,41.74535,7678,11,21,10,90.9
60563,il,-88.17027,41.7997,8418,12,23,11,91.7
60564,il,-88.19856,41.70822,14036,11,21,10,90.9
60565,il,-88.12387,41.73007,12601,11,22,11,100
60585,il,-88.22413,41.65933,8254,11,21,10,90.9
60586,il,-88.23335,41.57052,15570,12,23,11,91.7
60601,il,-87.62206,41.88529,902,8,15,7,87.5
60602,il,-87.62915,41.88307,148,8,15,7,87.5
60603,il,-87.62551,41.88019,129,8,15,7,87.5
60604,il,-87.62846,41.8781,200,8,15,7,87.5
60605,il,-87.61682,41.86815,1576,8,15,7,87.5
60606,il,-87.63735,41.88207,292,8,15,7,87.5
60607,il,-87.65159,41.87492,4717,7,14,7,100
60608,il,-87.6714,41.84874,16064,8,15,7,87.5
60609,il,-87.65564,41.81251,20491,8,16,8,100
60610,il,-87.63204,41.90697,3229,8,14,6,75
60611,il,-87.61426,41.89385,1043,8,15,7,87.5
60612,il,-87.68774,41.88031,11764,7,14,7,100
60613,il,-87.65436,41.95689,5067,7,13,6,85.7
60614,il,-87.64965,41.92276,10421,7,14,7,100
60615,il,-87.59656,41.80236,4725,8,16,8,100
60616,il,-87.62418,41.84462,9469,8,15,7,87.5
60617,il,-87.55237,41.71811,30018,8,16,8,100
60618,il,-87.70255,41.94696,18605,7,13,6,85.7
60619,il,-87.60552,41.74369,20440,8,16,8,100
60620,il,-87.65252,41.74082,21316,8,16,8,100
60621,il,-87.63957,41.77638,13120,8,16,8,100
60622,il,-87.68333,41.90271,10665,7,14,7,100
60623,il,-87.71783,41.84812,17499,7,15,8,114.3
60624,il,-87.72342,41.88064,10839,7,14,7,100
60625,il,-87.70013,41.97332,11251,7,13,6,85.7
60626,il,-87.66693,42.00982,3960,7,13,6,85.7
60628,il,-87.61795,41.69181,27801,9,17,8,88.9
60629,il,-87.71157,41.77568,24977,8,15,7,87.5
60630,il,-87.75712,41.97212,15283,7,13,6,85.7
60631,il,-87.813,41.99486,9684,7,13,6,85.7
60632,il,-87.71333,41.81137,19416,7,15,8,114.3
60633,il,-87.56133,41.66434,7333,9,18,9,100
60634,il,-87.80607,41.94634,20740,7,14,7,100
60636,il,-87.66906,41.77574,15622,8,16,8,100
60637,il,-87.59949,41.78221,9041,8,16,8,100
60638,il,-87.77052,41.78143,20600,8,15,7,87.5
60639,il,-87.75605,41.92055,16646,7,14,7,100
60640,il,-87.66136,41.97267,5670,7,13,6,85.7
60641,il,-87.74679,41.94661,14945,7,14,7,100
60642,il,-87.658,41.90163,4374,7,14,7,100
60643,il,-87.66279,41.69959,20778,9,18,9,100
60644,il,-87.75749,41.88023,9794,7,15,8,114.3
60645,il,-87.69474,42.00856,7098,6,12,6,100
60646,il,-87.75963,41.99302,10012,7,13,6,85.7
60647,il,-87.70175,41.92073,16083,7,14,7,100
60649,il,-87.56597,41.76409,7030,8,16,8,100
60651,il,-87.74086,41.90209,13588,7,14,7,100
60652,il,-87.7148,41.74793,13172,8,16,8,100
60653,il,-87.60604,41.81987,6577,8,16,8,100
60654,il,-87.63726,41.89228,1308,8,15,7,87.5
60655,il,-87.70378,41.69478,10745,9,18,9,100
60656,il,-87.82713,41.97428,7276,7,14,7,100
60657,il,-87.64926,41.94033,7821,7,13,6,85.7
60659,il,-87.70406,41.99115,6612,6,12,6,100
60660,il,-87.66368,41.99123,3796,7,13,6,85.7
60661,il,-87.6441,41.88303,523,7,14,7,100
60706,il,-87.81624,41.96426,7562,7,14,7,100
60707,il,-87.80728,41.92185,11382,8,15,7,87.5
60712,il,-87.73324,42.00543,5266,7,13,6,85.7
60714,il,-87.81097,42.02806,9485,7,13,6,85.7
60803,il,-87.73567,41.67206,6765,10,19,9,90
60804,il,-87.76017,41.8378,17216,7,15,8,114.3
60805,il,-87.70245,41.722,8812,9,18,9,100
60827,il,-87.63012,41.64958,9044,10,19,9,90
60901,il,-87.8981,41.11083,15597,14,27,13,92.9
60910,il,-87.80867,41.07877,327,13,26,13,100
60911,il,-87.9802,40.87803,1298,13,26,13,100
60912,il,-87.59932,40.97006,1070,12,25,13,108.3
60913,il,-88.06178,41.14699,1202,13,26,13,100
60914,il,-87.86196,41.18672,9858,14,27,13,92.9
60915,il,-87.86111,41.14682,4552,14,27,13,92.9
60917,il,-88.18731,41.04411,630,13,26,13,100
60918,il,-88.03041,40.59616,984,14,28,14,100
60919,il,-88.23832,40.98744,601,13,27,14,107.7
60920,il,-88.30497,41.02926,131,13,26,13,100
60921,il,-88.28787,40.73775,1419,15,30,15,100
60922,il,-87.91866,41.00411,1526,14,27,13,92.9
60924,il,-87.88531,40.55774,1788,14,29,15,107.1
60926,il,-87.80966,40.57234,96,14,28,14,100
60927,il,-87.96802,40.9393,1698,13,26,13,100
60928,il,-87.84902,40.74164,561,13,26,13,100
60929,il,-88.28916,40.87497,765,14,28,14,100
60930,il,-88.00259,40.8299,844,13,27,14,107.7
60931,il,-87.58518,40.8904,762,13,26,13,100
60932,il,-87.80556,40.46331,160,14,28,14,100
60933,il,-88.27191,40.46473,193,13,27,14,107.7
60934,il,-88.35122,40.9617,393,13,27,14,107.7
60935,il,-88.17605,41.17295,818,13,25,12,92.3
60936,il,-88.35707,40.46678,2742,13,28,15,115.4
60938,il,-87.98864,40.7733,1722,14,28,14,100
60940,il,-87.64276,41.2506,2231,11,22,11,100
60941,il,-88.08208,41.042,1434,14,27,13,92.9
60942,il,-87.6609,40.46565,4418,13,28,15,115.4
60945,il,-87.58386,40.82846,156,13,26,13,100
60946,il,-88.20293,40.91652,537,14,27,13,92.9
60948,il,-88.08195,40.52544,1725,13,27,14,107.7
60949,il,-88.10292,40.38216,536,15,30,15,100
60950,il,-87.88438,41.25118,4781,13,25,12,92.3
60951,il,-87.75111,40.92138,937,13,26,13,100
60952,il,-88.25278,40.56447,638,13,28,15,115.4
60953,il,-87.68809,40.62989,2879,13,27,14,107.7
60954,il,-87.62896,41.15338,3977,12,23,11,91.7
60955,il,-87.97656,40.69742,1907,14,28,14,100
60957,il,-88.13626,40.44296,3249,13,28,15,115.4
60958,il,-87.59136,41.06487,4094,12,24,12,100
60959,il,-88.18201,40.78971,1009,15,29,14,93.3
60960,il,-87.88998,40.43871,1385,13,28,15,115.4
60961,il,-88.23084,41.10654,583,13,25,12,92.3
60962,il,-88.18438,40.62281,616,13,28,15,115.4
60963,il,-87.64843,40.36666,1872,14,29,15,107.1
60964,il,-87.73823,41.03552,4149,13,26,13,100
60966,il,-87.58323,40.75152,1622,13,26,13,100
60968,il,-88.12067,40.67239,603,14,29,15,107.1
60969,il,-88.14974,41.11098,60,13,26,13,100
60970,il,-87.73842,40.79338,5078,13,26,13,100
60973,il,-87.66314,40.54168,525,13,27,14,107.7
60974,il,-87.73409,40.71926,204,13,27,14,107.7
61001,il,-90.12453,42.46095,3362,8,16,8,100
61006,il,-89.20952,41.86055,1342,10,20,10,100
61007,il,-89.5895,42.19775,424,9,18,9,100
61008,il,-88.84073,42.24513,12960,10,18,8,80
61010,il,-89.26788,42.13569,3754,10,19,9,90
61011,il,-88.91286,42.38962,1852,9,17,8,88.9
61012,il,-88.75444,42.40741,1384,10,19,9,90
61013,il,-89.63719,42.37446,272,9,17,8,88.9
61014,il,-89.88444,41.97468,1092,11,21,10,90.9
61015,il,-89.20201,41.99297,856,10,20,10,100
61016,il,-88.94718,42.19807,2387,9,18,9,100
61018,il,-89.55524,42.41527,724,8,17,9,112.5
61019,il,-89.41009,42.44152,3329,9,18,9,100
61020,il,-89.09821,42.11019,1625,9,18,9,100
61021,il,-89.47909,41.82967,12402,10,20,10,100
61024,il,-89.29054,42.4365,1933,9,18,9,100
61025,il,-90.56048,42.47138,2827,10,20,10,100
61027,il,-89.75728,42.33091,58,9,17,8,88.9
61028,il,-90.16954,42.29183,1918,8,17,9,112.5
61030,il,-89.58886,42.11514,1581,10,20,10,100
61031,il,-89.31305,41.83081,1100,10,20,10,100
61032,il,-89.63523,42.31633,14940,9,18,9,100
61036,il,-90.39118,42.4152,7961,8,17,9,112.5
61037,il,-89.76029,41.78933,80,11,23,12,109.1
61038,il,-88.73575,42.26346,1166,10,19,9,90
61039,il,-89.46755,42.20887,564,10,19,9,90
61041,il,-90.30157,42.2761,1409,9,19,10,111.1
61042,il,-89.56373,41.68764,692,11,23,12,109.1
61043,il,-89.10524,42.05644,88,9,18,9,100
61044,il,-89.91509,42.3188,215,8,17,9,112.5
61046,il,-89.81367,42.10446,4182,10,20,10,100
61047,il,-89.39589,42.15315,1487,10,19,9,90
61048,il,-89.83554,42.38354,2708,8,17,9,112.5
61049,il,-89.0075,42.04416,425,10,19,9,90
61050,il,-89.73416,42.4403,329,9,18,9,100
61051,il,-89.75486,41.98277,1187,11,21,10,90.9
61052,il,-88.99956,42.11138,734,9,18,9,100
61053,il,-89.98214,42.1143,2191,11,21,10,90.9
61054,il,-89.44945,42.05498,1868,10,20,10,100
61057,il,-89.38205,41.82926,101,9,19,10,111.1
61059,il,-89.94016,42.45316,165,7,15,8,114.3
61060,il,-89.6219,42.47815,1086,8,16,8,100
61061,il,-89.33983,42.00026,4655,10,20,10,100
61062,il,-89.84141,42.25295,1558,9,18,9,100
61063,il,-89.34733,42.31215,2758,9,18,9,100
61064,il,-89.58236,41.98786,2687,10,21,11,110
61065,il,-88.82753,42.40742,5579,9,18,9,100
61067,il,-89.47744,42.30441,642,9,18,9,100
61068,il,-89.06441,41.94846,6751,10,20,10,100
61070,il,-89.4731,42.41684,859,9,17,8,88.9
61071,il,-89.70448,41.72701,7360,11,22,11,100
61072,il,-89.14111,42.4469,4981,10,19,9,90
61073,il,-88.99355,42.42468,7945,9,18,9,100
61074,il,-90.12973,42.12558,3202,11,22,11,100
61075,il,-90.25894,42.46445,901,7,15,8,114.3
61077,il,-89.35781,42.23814,43,9,18,9,100
61078,il,-89.72911,42.16599,1076,10,19,9,90
61079,il,-89.20751,42.43927,124,10,19,9,90
61080,il,-88.98721,42.47974,5086,10,18,8,80
61081,il,-89.73537,41.84392,11364,11,22,11,100
61084,il,-89.1887,42.11846,1778,9,18,9,100
61085,il,-90.0322,42.34184,2676,8,16,8,100
61087,il,-89.99263,42.48021,1182,7,15,8,114.3
61088,il,-89.25569,42.26884,3139,9,18,9,100
61089,il,-89.81933,42.47342,826,9,17,8,88.9
61091,il,-89.52771,41.90687,40,10,20,10,100
61101,il,-89.14849,42.33755,9515,9,18,9,100
61102,il,-89.15729,42.22958,9623,9,18,9,100
61103,il,-89.08222,42.34614,8872,9,18,9,100
61104,il,-89.079,42.25187,6857,9,18,9,100
61107,il,-89.00324,42.28366,11762,9,17,8,88.9
61108,il,-89.004,42.25479,10648,9,17,8,88.9
61109,il,-89.05346,42.19258,11569,9,17,8,88.9
61111,il,-89.00357,42.33536,8615,9,17,8,88.9
61112,il,-88.97518,42.24198,91,9,18,9,100
61114,il,-88.99105,42.30843,5189,9,17,8,88.9
61115,il,-89.02883,42.36374,9758,9,18,9,100
61201,il,-90.57675,41.47782,15440,13,26,13,100
61230,il,-90.21406,41.73897,960,12,24,12,100
61231,il,-90.72477,41.20969,3821,14,28,14,100
61232,il,-90.73247,41.43074,701,13,26,13,100
61234,il,-89.91825,41.42085,1132,12,26,14,116.7
61235,il,-90.02351,41.39967,1164,13,26,13,100
61236,il,-90.36074,41.51378,65,13,26,13,100
61238,il,-90.17386,41.28775,2388,12,26,14,116.7
61239,il,-90.38748,41.48612,370,13,26,13,100
61240,il,-90.42983,41.42551,2997,12,25,13,108.3
61241,il,-90.32097,41.48848,3484,13,26,13,100
61242,il,-90.27859,41.70367,988,12,25,13,108.3
61243,il,-89.68293,41.61878,368,13,25,12,92.3
61244,il,-90.39484,41.52329,9356,13,26,13,100
61250,il,-90.10307,41.6589,2269,13,26,13,100
61251,il,-90.07567,41.73054,425,13,26,13,100
61252,il,-90.11798,41.84312,3813,12,23,11,91.7
61254,il,-90.15086,41.46863,6548,13,27,14,107.7
61256,il,-90.40152,41.5591,867,13,26,13,100
61257,il,-90.22278,41.59055,1215,13,26,13,100
61258,il,-89.91398,41.52183,143,13,26,13,100
61259,il,-90.93155,41.38824,1386,15,29,14,93.3
61260,il,-90.88305,41.24631,857,15,29,14,93.3
61261,il,-89.91586,41.72572,766,13,26,13,100
61262,il,-90.35676,41.28052,917,13,26,13,100
61263,il,-90.60473,41.25885,247,14,28,14,100
61264,il,-90.59174,41.3968,5869,13,26,13,100
61265,il,-90.49028,41.48202,17981,13,26,13,100
61270,il,-89.96635,41.82978,5499,13,25,12,92.3
61272,il,-91.00569,41.24656,1703,16,31,15,93.8
61273,il,-90.39888,41.3629,1878,12,25,13,108.3
61274,il,-90.27696,41.36857,323,12,25,13,108.3
61275,il,-90.29846,41.59981,2400,12,25,13,108.3
61276,il,-90.58992,41.30408,90,13,27,14,107.7
61277,il,-89.93164,41.60673,2871,13,26,13,100
61278,il,-90.33685,41.58202,283,12,25,13,108.3
61279,il,-90.72681,41.32053,849,13,27,14,107.7
61281,il,-90.51972,41.29689,2043,13,27,14,107.7
61282,il,-90.41296,41.49557,3294,13,26,13,100
61283,il,-89.78652,41.59188,1468,12,25,13,108.3
61284,il,-90.74678,41.39363,1623,13,26,13,100
61285,il,-90.05958,41.97811,1460,11,22,11,100
61301,il,-89.08044,41.39491,5545,12,24,12,100
61310,il,-89.34995,41.70001,3792,10,21,11,110
61311,il,-88.86004,41.03778,281,14,28,14,100
61312,il,-89.23303,41.43574,557,11,22,11,100
61313,il,-88.66867,41.07369,495,14,27,13,92.9
61314,il,-89.67409,41.29606,892,12,25,13,108.3
61315,il,-89.36402,41.28764,236,14,28,14,100
61316,il,-89.12499,41.25908,219,11,24,13,118.2
61317,il,-89.20892,41.43145,406,11,22,11,100
61318,il,-89.07968,41.71211,756,8,18,10,125
61319,il,-88.74354,41.01847,1251,14,29,15,107.1
61320,il,-89.17039,41.35524,378,12,24,12,100
61321,il,-88.97313,40.96929,492,15,30,15,100
61322,il,-89.30748,41.31909,821,13,26,13,100
61323,il,-89.39682,41.43296,67,12,24,12,100
61324,il,-89.41389,41.76991,50,10,20,10,100
61325,il,-88.80643,41.23695,985,11,24,13,118.2
61326,il,-89.22431,41.25386,2140,12,24,12,100
61327,il,-89.30942,41.22686,1431,13,26,13,100
61328,il,-89.45926,41.49954,29,12,23,11,91.7
61329,il,-89.19785,41.3803,764,11,23,12,109.1
61330,il,-89.27479,41.53796,1424,10,21,11,110
61331,il,-89.27754,41.7477,24,10,21,11,110
61332,il,-88.98878,41.18877,147,13,26,13,100
61333,il,-88.88808,40.98931,403,15,29,14,93.3
61334,il,-89.09846,41.14511,803,13,27,14,107.7
61335,il,-89.22465,41.16353,723,13,27,14,107.7
61336,il,-89.22011,41.10706,898,14,29,15,107.1
61337,il,-89.32859,41.43639,308,11,23,12,109.1
61338,il,-89.67626,41.45892,200,12,24,12,100
61340,il,-89.25016,41.26125,267,11,24,13,118.2
61341,il,-88.6925,41.34073,7107,10,21,11,110
61342,il,-89.09058,41.54058,5114,10,21,11,110
61344,il,-89.83154,41.41148,459,12,25,13,108.3
61345,il,-89.78979,41.28006,895,11,24,13,118.2
61346,il,-89.71826,41.51154,78,12,25,13,108.3
61348,il,-89.03786,41.28168,3017,12,24,12,100
61349,il,-89.44502,41.55043,1135,11,22,11,100
61350,il,-88.86337,41.37252,13664,11,23,12,109.1
61353,il,-88.9951,41.6965,1033,8,17,9,112.5
61354,il,-89.14286,41.32789,5973,12,24,12,100
61356,il,-89.43817,41.39356,7291,12,25,13,108.3
61358,il,-89.04401,40.97872,640,15,30,15,100
61359,il,-89.27091,41.36247,312,12,24,12,100
61360,il,-88.60481,41.32726,2018,10,22,12,120
61361,il,-89.7638,41.41146,1512,12,25,13,108.3
61362,il,-89.22896,41.3547,3323,12,25,13,108.3
61363,il,-89.18248,41.25425,233,12,24,12,100
61364,il,-88.84216,41.12839,11743,13,27,14,107.7
61367,il,-89.26541,41.62679,6388,9,20,11,122.2
61368,il,-89.52293,41.26305,1654,13,27,14,107.7
61369,il,-89.15506,40.98409,1409,15,30,15,100
61370,il,-89.03162,41.20506,1389,12,25,13,108.3
61372,il,-89.07802,41.4649,116,10,22,12,120
61373,il,-88.99836,41.39895,1795,11,24,13,118.2
61374,il,-89.35872,41.54771,97,10,22,12,120
61375,il,-89.25045,41.03528,2698,15,30,15,100
61376,il,-89.60917,41.53937,1985,12,23,11,91.7
61377,il,-89.03648,41.06,1440,15,29,14,93.3
61378,il,-89.157,41.72446,707,10,20,10,100
61379,il,-89.61609,41.39195,1120,13,26,13,100
61401,il,-90.38466,40.94471,15389,12,26,14,116.7
61410,il,-90.39554,40.798,2235,14,30,16,114.3
61411,il,-90.50503,40.40017,492,18,35,17,94.4
61412,il,-90.57876,41.06971,1367,14,29,15,107.1
61413,il,-90.37352,41.19051,834,12,26,14,116.7
61414,il,-90.15577,41.12469,921,13,27,14,107.7
61415,il,-90.42917,40.6571,2388,17,33,16,94.1
61416,il,-90.56284,40.49929,145,19,36,17,89.5
61417,il,-90.53833,40.77417,402,16,31,15,93.8
61418,il,-90.86118,40.8503,907,16,31,15,93.8
61419,il,-90.11756,41.19976,140,12,26,14,116.7
61420,il,-90.86657,40.54738,1300,19,35,16,84.2
61421,il,-89.64999,41.18016,1591,12,26,14,116.7
61422,il,-90.53478,40.55087,2070,18,35,17,94.4
61423,il,-90.5012,40.88631,782,14,29,15,107.1
61424,il,-89.63498,41.0768,72,11,25,14,127.3
61425,il,-91.03422,40.76201,748,16,32,16,100
61426,il,-89.70698,41.12,96,12,25,13,108.3
61427,il,-90.19417,40.50196,2027,16,33,17,106.3
61428,il,-90.10784,40.93477,3227,14,29,15,107.1
61430,il,-90.31092,40.94016,511,12,26,14,116.7
61431,il,-90.27818,40.60771,533,16,33,17,106.3
61432,il,-90.15862,40.65256,759,13,29,16,123.1
61433,il,-90.16867,40.55753,69,15,32,17,113.3
61434,il,-90.03902,41.17556,2323,12,26,14,116.7
61435,il,-90.5679,40.99242,139,15,30,15,100
61436,il,-90.21682,40.86222,1046,14,29,15,107.1
61437,il,-90.98677,40.84618,856,16,31,15,93.8
61438,il,-90.65166,40.58275,722,19,36,17,89.5
61439,il,-90.35703,41.02847,235,12,26,14,116.7
61440,il,-90.59542,40.30731,912,19,36,17,89.5
61441,il,-90.29336,40.34075,1153,18,36,18,100
61442,il,-90.92277,41.10741,971,17,32,15,88.2
61443,il,-89.94168,41.25995,7559,11,24,13,118.2
61447,il,-90.75367,40.8672,835,16,31,15,93.8
61448,il,-90.24678,40.93361,2365,13,27,14,107.7
61449,il,-89.97472,41.08933,616,12,27,15,125
61450,il,-90.98165,40.57883,1879,19,36,17,89.5
61451,il,-89.93876,40.94577,412,12,26,14,116.7
61452,il,-90.66062,40.2362,508,19,36,17,89.5
61453,il,-90.76413,41.01219,784,16,31,15,93.8
61454,il,-91.04244,40.68015,745,17,33,16,94.1
61455,il,-90.65452,40.43534,8542,19,36,17,89.5
61458,il,-90.18145,40.77963,1141,15,31,16,106.7
61459,il,-90.41586,40.50557,553,18,35,17,94.4
61460,il,-90.82918,40.71668,464,17,32,15,88.2
61462,il,-90.64789,40.92355,6635,16,31,15,93.8
61465,il,-90.46661,41.20782,967,13,26,13,100
61466,il,-90.47967,41.11002,346,13,27,14,107.7
61467,il,-90.23972,41.07374,1000,12,26,14,116.7
61468,il,-90.38778,41.25774,76,13,26,13,100
61469,il,-90.90611,40.96404,1868,16,31,15,93.8
61470,il,-90.50485,40.60385,519,17,34,17,100
61471,il,-90.8349,40.69747,127,17,32,15,88.2
61472,il,-90.38289,41.10211,742,13,26,13,100
61473,il,-90.65273,40.70588,1934,17,33,16,94.1
61474,il,-90.37815,40.7363,439,16,32,16,100
61475,il,-90.75347,40.5979,355,19,35,16,84.2
61476,il,-90.83236,41.09807,508,16,31,15,93.8
61477,il,-90.31544,40.49608,818,17,35,18,105.9
61478,il,-90.76065,40.75787,524,16,32,16,100
61479,il,-89.64476,41.00478,216,11,25,14,127.3
61480,il,-90.92179,40.72539,1227,17,32,15,88.2
61482,il,-90.41172,40.38839,887,17,35,18,105.9
61483,il,-89.87326,41.08673,1885,12,26,14,116.7
61484,il,-90.43642,40.29526,947,18,36,18,100
61485,il,-90.09832,41.02163,737,13,27,14,107.7
61486,il,-90.5761,41.19792,1180,14,28,14,100
61488,il,-90.31835,41.03224,847,12,26,14,116.7
61489,il,-90.02846,40.93399,1037,13,27,14,107.7
61490,il,-90.26557,41.18513,950,12,26,14,116.7
61491,il,-89.72939,41.06053,2142,12,26,14,116.7
61501,il,-90.31648,40.22931,1901,18,36,18,100
61516,il,-89.13521,40.85808,776,15,30,15,100
61517,il,-89.85426,40.82599,2280,13,28,15,115.4
61519,il,-90.08896,40.46007,193,17,35,18,105.9
61520,il,-90.02132,40.54208,9548,15,33,18,120
61523,il,-89.53549,40.91726,5889,15,30,15,100
61524,il,-90.03473,40.49132,175,16,33,17,106.3
61525,il,-89.66906,40.84848,4423,12,27,15,125
61526,il,-89.62434,40.92993,893,13,27,14,107.7
61528,il,-89.72293,40.77896,1738,14,29,15,107.1
61529,il,-89.94199,40.78146,2002,13,29,16,123.1
61530,il,-89.26047,40.71404,3472,15,31,16,106.7
61531,il,-90.03502,40.68321,2291,12,28,16,133.3
61532,il,-89.81878,40.33949,724,18,37,19,105.6
61533,il,-89.83933,40.58653,1717,16,34,18,112.5
61534,il,-89.66606,40.41446,1311,17,35,18,105.9
61535,il,-89.52331,40.58307,996,14,30,16,114.3
61536,il,-89.78698,40.68989,1837,13,29,16,123.1
61537,il,-89.46637,41.11704,2197,15,31,16,106.7
61539,il,-89.76721,40.55517,175,18,37,19,105.6
61540,il,-89.37311,41.01469,2246,16,32,16,100
61541,il,-89.23495,40.98038,96,15,31,16,106.7
61542,il,-90.13461,40.38633,3152,18,37,19,105.6
61543,il,-89.97057,40.42087,284,19,38,19,100
61544,il,-90.24006,40.69175,744,15,32,17,113.3
61545,il,-89.3535,40.87071,745,15,30,15,100
61546,il,-89.79882,40.45396,3568,18,36,18,100
61547,il,-89.73754,40.60633,2192,15,32,17,113.3
61548,il,-89.41399,40.80915,6281,14,29,15,107.1
61550,il,-89.44208,40.61086,7779,14,31,17,121.4
61552,il,-89.56572,40.81766,155,15,32,17,113.3
61553,il,-90.03226,40.62593,168,13,30,17,130.8
61554,il,-89.61861,40.54087,19616,15,32,17,113.3
61559,il,-89.7756,40.92111,2543,12,26,14,116.7
61560,il,-89.40277,41.18771,2359,13,28,15,115.4
61561,il,-89.2009,40.80295,2140,15,30,15,100
61562,il,-89.50154,40.8804,31,14,30,16,114.3
61563,il,-90.05422,40.49202,341,16,33,17,106.3
61564,il,-89.65345,40.4935,512,17,35,18,105.9
61565,il,-89.50991,41.03233,1730,15,31,16,106.7
61567,il,-89.89655,40.35816,1090,18,37,19,105.6
61568,il,-89.47865,40.50537,2773,15,33,18,120
61569,il,-89.89318,40.6842,1001,13,29,16,123.1
61570,il,-89.30774,40.92039,1838,15,31,16,106.7
61571,il,-89.41948,40.70328,10889,14,30,16,114.3
61572,il,-90.0368,40.80043,921,13,29,16,123.1
61602,il,-89.60741,40.67486,903,15,31,16,106.7
61603,il,-89.57725,40.71334,7678,15,32,17,113.3
61604,il,-89.65363,40.70571,12657,14,31,17,121.4
61605,il,-89.6333,40.67659,7955,15,31,16,106.7
61606,il,-89.61145,40.6998,2420,15,31,16,106.7
61607,il,-89.68507,40.63007,5977,16,32,16,100
61610,il,-89.59854,40.64295,2700,14,30,16,114.3
61611,il,-89.53563,40.71059,12831,14,30,16,114.3
61614,il,-89.60491,40.759,10105,13,29,16,123.1
61615,il,-89.64587,40.77427,9084,13,29,16,123.1
61616,il,-89.5719,40.7467,2989,15,31,16,106.7
61625,il,-89.6127,40.69761,27,14,31,17,121.4
61701,il,-88.99303,40.47677,12545,16,33,17,106.3
61704,il,-88.94333,40.47049,11175,16,33,17,106.3
61705,il,-89.00227,40.45996,6274,16,33,17,106.3
61720,il,-88.51447,40.55467,311,13,28,15,115.4
61721,il,-89.32326,40.3537,712,17,35,18,105.9
61722,il,-88.63214,40.41905,751,13,29,16,123.1
61723,il,-89.26689,40.26081,1923,17,35,18,105.9
61724,il,-88.52707,40.33083,550,14,30,16,114.3
61725,il,-89.11985,40.6098,1490,16,32,16,100
61726,il,-88.69721,40.73662,2151,15,30,15,100
61727,il,-88.96084,40.14249,5380,16,33,17,106.3
61728,il,-88.6263,40.57286,1209,14,30,16,114.3
61729,il,-89.22358,40.63068,922,15,31,16,106.7
61730,il,-88.7294,40.53249,502,15,31,16,106.7
61731,il,-88.48552,40.61395,347,13,28,15,115.4
61732,il,-89.20315,40.53118,1479,16,33,17,106.3
61733,il,-89.33199,40.62229,743,14,31,17,121.4
61734,il,-89.52642,40.37342,2154,16,34,18,112.5
61735,il,-88.81805,40.2019,505,14,31,17,121.4
61736,il,-88.83866,40.40209,1090,15,32,17,113.3
61737,il,-88.73955,40.45845,624,14,31,17,121.4
61738,il,-89.03427,40.74606,3108,15,31,16,106.7
61739,il,-88.52044,40.73313,3244,14,29,15,107.1
61740,il,-88.86164,40.88429,1478,15,30,15,100
61741,il,-88.40427,40.75939,1448,14,29,15,107.1
61742,il,-89.27262,40.63331,681,15,31,16,106.7
61743,il,-88.78168,40.87567,268,15,30,15,100
61744,il,-88.88709,40.73999,1839,15,30,15,100
61745,il,-88.97247,40.32221,2411,15,32,17,113.3
61747,il,-89.43075,40.42175,1064,16,33,17,106.3
61748,il,-88.99116,40.61676,1762,16,32,16,100
61749,il,-89.11034,40.09496,540,17,35,18,105.9
61750,il,-88.85965,40.12354,92,15,32,17,113.3
61751,il,-89.29925,40.21456,100,18,36,18,100
61752,il,-88.75481,40.33907,2720,14,31,17,121.4
61753,il,-88.78468,40.63645,2179,15,31,16,106.7
61754,il,-89.16914,40.33034,1076,17,34,17,100
61755,il,-89.33595,40.52792,2966,15,31,16,106.7
61756,il,-88.97345,40.03123,1706,17,35,18,105.9
61759,il,-89.32371,40.43718,1040,17,34,17,100
61760,il,-89.02873,40.88112,2397,15,31,16,106.7
61761,il,-88.95856,40.52957,13876,16,33,17,106.3
61764,il,-88.6282,40.88226,6702,14,29,15,107.1
61769,il,-88.39937,40.88202,603,14,28,14,100
61770,il,-88.52592,40.44317,1197,13,28,15,115.4
61771,il,-89.14116,40.70931,846,15,31,16,106.7
61772,il,-89.06595,40.38128,321,17,34,17,100
61773,il,-88.38325,40.5717,582,13,28,15,115.4
61774,il,-89.20397,40.43069,799,17,34,17,100
61775,il,-88.36711,40.6508,420,14,29,15,107.1
61776,il,-88.86698,40.56943,1032,16,32,16,100
61777,il,-88.9418,40.24249,799,15,32,17,113.3
61778,il,-89.09117,40.23289,596,16,33,17,106.3
61801,il,-88.21127,40.10902,6426,14,31,17,121.4
61802,il,-88.15104,40.12558,6961,15,31,16,106.7
61810,il,-87.91478,39.91613,417,17,33,16,94.1
61811,il,-87.62286,40.29273,800,15,30,15,100
61812,il,-87.88668,40.25009,665,14,30,16,114.3
61813,il,-88.55958,39.91156,1441,17,35,18,105.9
61814,il,-87.57247,40.23061,895,15,30,15,100
61815,il,-88.37658,40.11074,132,14,31,17,121.4
61816,il,-88.00122,39.92281,606,17,33,16,94.1
61817,il,-87.71677,40.03786,1737,15,31,16,106.7
61818,il,-88.71922,39.88031,1117,16,34,18,112.5
61820,il,-88.2435,40.10891,6870,14,30,16,114.3
61821,il,-88.27505,40.10958,10475,14,30,16,114.3
61822,il,-88.30531,40.13577,9713,14,30,16,114.3
61830,il,-88.72251,40.02756,539,16,34,18,112.5
61831,il,-87.79207,40.22509,264,15,31,16,106.7
61832,il,-87.63641,40.13613,20028,16,31,15,93.8
61833,il,-87.64428,40.09806,1500,15,31,16,106.7
61834,il,-87.63785,40.16429,5628,15,31,16,106.7
61839,il,-88.62914,40.13773,588,15,32,17,113.3
61840,il,-88.29895,40.30369,653,15,31,16,106.7
61841,il,-87.82428,40.02636,1646,16,32,16,100
61842,il,-88.66582,40.23925,2235,14,31,17,121.4
61843,il,-88.38394,40.31534,1541,15,31,16,106.7
61844,il,-87.87035,40.13876,1391,16,32,16,100
61845,il,-88.39924,40.37417,464,14,30,16,114.3
61846,il,-87.61241,39.97626,3637,15,30,15,100
61847,il,-88.01539,40.31312,905,15,30,15,100
61848,il,-87.70277,40.30806,194,15,30,15,100
61849,il,-87.96192,40.01114,1653,16,32,16,100
61850,il,-87.73766,39.93246,976,16,32,16,100
61851,il,-88.43471,39.96085,682,17,34,17,100
61852,il,-88.0758,39.90316,423,17,34,17,100
61853,il,-88.41681,40.22145,5458,14,31,17,121.4
61854,il,-88.52403,40.20401,1213,15,31,16,106.7
61855,il,-88.66088,39.92213,155,16,34,18,112.5
61856,il,-88.57953,40.02687,4348,16,33,17,106.3
61857,il,-87.84222,40.11657,119,16,32,16,100
61858,il,-87.76796,40.1328,2221,16,32,16,100
61859,il,-87.96118,40.15412,987,15,31,16,106.7
61862,il,-87.95181,40.30633,665,14,29,15,107.1
61863,il,-88.27961,39.90572,847,18,36,18,100
61864,il,-88.14674,39.9796,976,16,32,16,100
61865,il,-87.80254,40.3045,1854,15,30,15,100
61866,il,-88.154,40.31209,5089,16,32,16,100
61870,il,-87.61836,39.89756,1476,16,32,16,100
61871,il,-87.96804,40.19022,178,15,30,15,100
61872,il,-88.37717,39.93867,764,17,35,18,105.9
61873,il,-88.03923,40.13779,3316,15,31,16,106.7
61874,il,-88.25695,40.05111,1946,14,31,17,121.4
61875,il,-88.41951,40.10053,601,15,32,17,113.3
61876,il,-87.83412,39.90514,985,17,33,16,94.1
61877,il,-88.07871,39.99413,1099,16,32,16,100
61878,il,-88.14943,40.23971,988,15,31,16,106.7
61880,il,-88.24582,39.9736,2254,16,32,16,100
61882,il,-88.75999,40.11349,620,15,32,17,113.3
61883,il,-87.64153,40.03739,3047,14,30,16,114.3
61884,il,-88.48058,40.09067,800,16,33,17,106.3
61910,il,-88.29908,39.67438,3013,18,36,18,100
61911,il,-88.46981,39.70325,2793,18,36,18,100
61912,il,-88.03505,39.52731,1387,18,35,17,94.4
61913,il,-88.46609,39.82756,1523,18,37,19,105.6
61914,il,-88.76476,39.63542,1583,18,36,18,100
61917,il,-87.89771,39.71421,1196,18,36,18,100
61919,il,-88.13945,39.77868,854,19,37,18,94.7
61920,il,-88.16408,39.50365,9656,17,35,18,105.9
61924,il,-87.65455,39.79136,3178,18,35,17,94.4
61925,il,-88.83624,39.72352,816,17,36,19,111.8
61928,il,-88.50409,39.45096,777,17,35,18,105.9
61929,il,-88.62134,39.82481,702,17,35,18,105.9
61930,il,-88.13046,39.6809,682,18,36,18,100
61931,il,-88.35314,39.58979,905,17,35,18,105.9
61932,il,-87.87889,39.80358,528,18,35,17,94.4
61933,il,-87.91706,39.54835,1366,18,35,17,94.4
61936,il,-88.73026,39.80135,181,17,35,18,105.9
61937,il,-88.65052,39.74181,1851,17,35,18,105.9
61938,il,-88.37427,39.48385,11415,16,34,18,112.5
61940,il,-87.81869,39.80775,449,18,35,17,94.4
61941,il,-88.07294,39.80407,116,19,36,17,89.5
61942,il,-88.00611,39.81516,1620,18,35,17,94.4
61943,il,-88.02966,39.66496,2122,19,36,17,89.5
61944,il,-87.70129,39.601,10049,18,35,17,94.4
61949,il,-87.87367,39.63362,156,18,35,17,94.4
61951,il,-88.58679,39.59392,5605,18,36,18,100
61953,il,-88.29123,39.79949,4295,20,38,18,90
61955,il,-87.59087,39.58186,115,18,35,17,94.4
61956,il,-88.14413,39.85127,1897,18,36,18,100
61957,il,-88.61111,39.43961,1990,18,37,19,105.6
62001,il,-89.74848,38.87855,1465,23,43,20,87
62002,il,-90.12763,38.93976,17705,24,44,20,83.3
62006,il,-90.66661,39.0559,358,24,44,20,83.3
62009,il,-89.79844,39.09107,1168,21,41,20,95.2
62010,il,-90.04736,38.92009,5205,25,45,20,80
62011,il,-89.21596,39.12646,582,18,36,18,100
62012,il,-90.15016,39.0428,4045,22,42,20,90.9
62013,il,-90.5696,38.96244,315,27,48,21,77.8
62014,il,-89.95097,39.04303,2671,22,42,20,90.9
62015,il,-89.54334,39.22172,704,22,42,20,90.9
62016,il,-90.417,39.29412,2831,21,41,20,95.2
62017,il,-89.36897,39.06887,1258,21,40,19,90.5
62018,il,-90.08358,38.90708,1817,24,44,20,83.3
62019,il,-89.44927,39.01942,706,21,41,20,95.2
62021,il,-89.97934,38.97737,714,24,44,20,83.3
62022,il,-90.33162,39.00375,702,23,43,20,87
62023,il,-89.7882,39.11071,64,20,40,20,100
62024,il,-90.0956,38.87135,4651,24,45,21,87.5
62025,il,-89.93325,38.83056,16026,25,46,21,84
62027,il,-90.55968,39.25602,750,22,42,20,90.9
62028,il,-90.35411,38.95936,463,26,46,20,76.9
62030,il,-90.16446,39.15461,67,20,40,20,100
62031,il,-90.5357,39.11332,1064,23,43,20,87
62032,il,-89.2885,39.11573,1098,19,38,19,100
62033,il,-89.84426,39.13405,3718,21,41,20,95.2
62034,il,-89.96983,38.75652,6257,25,46,21,84
62035,il,-90.24077,38.9642,7922,23,43,20,87
62036,il,-90.5877,38.91658,424,27,48,21,77.8
62037,il,-90.46758,39.00928,1753,25,45,20,80
62040,il,-90.11064,38.72615,19955,27,49,22,81.5
62044,il,-90.21272,39.36361,1942,20,40,20,100
62045,il,-90.70904,39.26031,502,22,42,20,90.9
62046,il,-89.84569,38.89009,453,24,45,21,87.5
62047,il,-90.62536,39.12106,506,25,46,21,84
62048,il,-90.09655,38.80412,1142,25,46,21,84
62049,il,-89.48517,39.13011,4894,24,45,21,87.5
62050,il,-90.5513,39.44469,702,20,40,20,100
62051,il,-89.40198,39.20177,1160,22,42,20,90.9
62052,il,-90.32187,39.11102,7065,21,41,20,95.2
62053,il,-90.66104,39.32509,550,22,42,20,90.9
62054,il,-90.34505,39.20125,765,22,42,20,90.9
62056,il,-89.67105,39.17869,6390,20,39,19,95
62058,il,-89.76678,38.96896,524,22,42,20,90.9
62059,il,-90.16505,38.65638,563,29,51,22,75.9
62060,il,-90.14696,38.67691,3513,29,51,22,75.9
62061,il,-89.77951,38.78977,1167,24,45,21,87.5
62062,il,-89.96199,38.72738,3731,25,46,21,84
62063,il,-90.14766,39.19781,1032,21,41,20,95.2
62065,il,-90.62896,39.23214,108,24,44,20,83.3
62067,il,-89.98517,38.92987,1356,25,45,20,80
62069,il,-89.73938,39.08834,2699,20,40,20,100
62070,il,-90.73317,39.29648,21,23,42,19,82.6
62074,il,-89.68362,38.95805,1168,21,41,20,95.2
62075,il,-89.29535,39.30114,3238,18,36,18,100
62076,il,-89.21898,39.34322,140,18,37,19,105.6
62077,il,-89.52165,39.02898,306,22,42,20,90.9
62078,il,-90.48608,39.47863,87,19,38,19,100
62079,il,-90.14204,39.1122,243,20,40,20,100
62080,il,-89.10132,39.13701,2822,18,36,18,100
62081,il,-90.237,39.26117,342,22,43,21,95.5
62082,il,-90.3241,39.49462,2645,18,37,19,105.6
62083,il,-89.20143,39.35445,317,18,37,19,105.6
62084,il,-90.06238,38.83662,869,25,46,21,84
62085,il,-89.80246,39.07821,157,21,41,20,95.2
62086,il,-89.58097,38.98251,1538,21,41,20,95.2
62087,il,-90.06608,38.81679,1232,25,46,21,84
62088,il,-89.79867,39.01201,4222,22,41,19,86.4
62089,il,-89.49508,39.1298,351,24,45,21,87.5
62090,il,-90.16938,38.66988,760,29,51,22,75.9
62091,il,-89.60913,39.0569,617,22,42,20,90.9
62092,il,-90.41615,39.41619,2238,20,40,20,100
62093,il,-89.8547,39.06691,299,21,41,20,95.2
62094,il,-89.35262,39.24472,1185,19,38,19,100
62095,il,-90.06926,38.86228,5217,24,45,21,87.5
62097,il,-89.85434,38.93872,2028,24,44,20,83.3
62098,il,-90.30465,39.38607,71,19,38,19,100
62201,il,-90.13864,38.64272,6753,30,51,21,70
62203,il,-90.07746,38.6002,6535,27,48,21,77.8
62204,il,-90.09054,38.63271,8466,29,50,21,72.4
62205,il,-90.12231,38.60938,7687,29,50,21,72.4
62206,il,-90.16669,38.56793,8014,29,49,20,69
62207,il,-90.12291,38.58284,8138,29,50,21,72.4
62208,il,-90.00455,38.59626,8070,26,47,21,80.8
62214,il,-89.61169,38.3781,1973,24,45,21,87.5
62215,il,-89.60735,38.50936,1053,25,45,20,80
62216,il,-89.60248,38.62116,1541,23,44,21,91.3
62217,il,-89.84448,38.17348,962,28,48,20,71.4
62218,il,-89.47291,38.51976,1743,22,42,20,90.9
62219,il,-89.4319,38.60579,530,20,40,20,100
62220,il,-89.98653,38.47335,10742,27,48,21,77.8
62221,il,-89.89921,38.51484,11894,27,48,21,77.8
62223,il,-90.0598,38.53614,8784,27,48,21,77.8
62225,il,-89.85536,38.54558,166,27,48,21,77.8
62226,il,-90.00057,38.53521,12450,27,48,21,77.8
62230,il,-89.52684,38.64034,3807,21,41,20,95.2
62231,il,-89.33028,38.64163,8186,20,40,20,100
62232,il,-90.00272,38.63221,4589,26,47,21,80.8
62233,il,-89.78738,37.94611,4654,30,51,21,70
62234,il,-89.98177,38.68341,14813,26,47,21,80.8
62236,il,-90.21702,38.43642,6301,26,46,20,76.9
62237,il,-89.5691,38.18904,2824,25,45,20,80
62238,il,-89.53262,38.03908,702,27,48,21,77.8
62239,il,-90.18733,38.52567,2475,27,47,20,74.1
62240,il,-90.20743,38.5212,1835,28,49,21,75
62241,il,-89.89062,38.01354,1108,30,50,20,66.7
62242,il,-89.9454,38.09632,1788,31,51,20,64.5
62243,il,-89.89044,38.41941,3678,26,47,21,80.8
62244,il,-90.19817,38.18633,1070,26,46,20,76.9
62245,il,-89.56795,38.54878,1429,23,44,21,91.3
62246,il,-89.42628,38.88877,6195,20,40,20,100
62248,il,-89.9935,38.30446,145,27,48,21,77.8
62249,il,-89.66455,38.75525,8299,23,43,20,87
62250,il,-89.26611,38.5408,257,22,42,20,90.9
62253,il,-89.29754,38.77686,1170,20,39,19,95
62254,il,-89.82139,38.60742,3520,26,47,21,80.8
62255,il,-89.78188,38.31164,1185,27,47,20,74.1
62257,il,-89.73128,38.28411,3310,26,46,20,76.9
62258,il,-89.77252,38.46214,6034,26,47,21,80.8
62260,il,-90.10097,38.45995,4359,26,47,21,80.8
62261,il,-90.0026,38.01316,349,35,55,20,57.1
62262,il,-89.27195,38.94148,2457,20,39,19,95
62263,il,-89.40004,38.33016,6222,23,42,19,82.6
62264,il,-89.9072,38.31629,3065,27,48,21,77.8
62265,il,-89.67066,38.50065,2487,25,46,21,84
62266,il,-89.67707,38.48669,133,25,46,21,84
62268,il,-89.52799,38.27366,1348,24,44,20,83.3
62269,il,-89.91607,38.60335,12963,26,47,21,80.8
62271,il,-89.51561,38.44487,2605,24,44,20,83.3
62272,il,-89.59941,37.98833,1389,28,48,20,71.4
62273,il,-89.58378,38.78685,121,22,42,20,90.9
62274,il,-89.40829,38.09179,4795,27,47,20,74.1
62275,il,-89.54475,38.81168,3243,21,41,20,95.2
62277,il,-90.11562,38.10084,1663,31,51,20,64.5
62278,il,-89.99259,38.20793,4563,29,49,20,69
62279,il,-90.13544,38.15123,42,26,46,20,76.9
62280,il,-89.6596,37.83505,1278,31,51,20,64.5
62281,il,-89.78186,38.7044,1514,25,45,20,80
62282,il,-89.71262,38.36313,463,25,46,21,84
62284,il,-89.31301,38.87654,696,20,39,19,95
62285,il,-90.00775,38.38834,2305,27,48,21,77.8
62286,il,-89.71439,38.11832,4991,26,46,20,76.9
62288,il,-89.68557,37.98829,2244,29,50,21,72.4
62289,il,-89.75147,38.59691,283,25,45,20,80
62292,il,-89.6801,38.21264,598,26,46,20,76.9
62293,il,-89.6975,38.61897,3027,24,45,21,87.5
62294,il,-89.8712,38.70281,6831,25,46,21,84
62295,il,-90.31322,38.27933,1574,26,46,20,76.9
62297,il,-89.81313,38.04986,532,28,49,21,75
62298,il,-90.15225,38.31087,9160,24,45,21,87.5
62301,il,-91.38655,39.93162,13758,20,37,17,85
62305,il,-91.34582,39.92994,9671,19,36,17,89.5
62311,il,-90.91776,40.22198,1111,19,36,17,89.5
62312,il,-91.02782,39.70907,2429,19,36,17,89.5
62313,il,-91.22598,40.31956,647,20,37,17,85
62314,il,-90.89026,39.77067,1215,18,35,17,94.4
62316,il,-91.05504,40.23633,789,19,35,16,84.2
62319,il,-90.73131,40.15245,661,21,38,17,81
62320,il,-91.08047,40.02072,2085,17,33,16,94.1
62321,il,-91.10391,40.4085,4018,20,37,17,85
62323,il,-90.68552,39.81235,808,22,41,19,86.4
62324,il,-90.95897,39.99244,1656,17,34,17,100
62325,il,-91.16606,40.05121,338,17,33,16,94.1
62326,il,-90.81333,40.41722,2128,19,36,17,89.5
62330,il,-91.12552,40.572,2181,18,34,16,88.9
62334,il,-91.24064,40.38791,158,20,37,17,85
62336,il,-91.17138,40.46807,51,20,37,17,85
62338,il,-91.2396,39.99141,1034,17,33,16,94.1
62339,il,-91.04112,40.13162,797,18,34,16,88.9
62340,il,-90.72485,39.72895,2397,21,39,18,85.7
62341,il,-91.30279,40.42577,2565,19,36,17,89.5
62343,il,-91.24228,39.70299,1516,22,40,18,81.8
62344,il,-90.83109,40.16893,449,20,37,17,85
62345,il,-91.12951,39.70497,605,21,38,17,81
62346,il,-90.94749,40.14816,462,18,35,17,94.4
62347,il,-91.08896,39.86592,2196,16,33,17,106.3
62348,il,-91.36733,40.18756,124,20,37,17,85
62349,il,-91.20083,40.16752,796,19,36,17,89.5
62351,il,-91.26757,40.11574,1586,18,35,17,94.4
62352,il,-90.64987,39.56462,218,19,38,19,100
62353,il,-90.75827,39.97251,3436,19,37,18,94.7
62354,il,-91.33178,40.52606,1872,18,34,16,88.9
62355,il,-90.77648,39.4102,1453,21,39,18,85.7
62356,il,-91.0858,39.60141,1144,22,40,18,81.8
62357,il,-90.8674,39.68492,392,19,36,17,89.5
62358,il,-91.25719,40.58204,997,17,33,16,94.1
62359,il,-91.20471,40.0327,134,16,32,16,100
62360,il,-91.26343,39.81628,1135,18,35,17,94.4
62361,il,-90.64628,39.48314,1432,22,41,19,86.4
62362,il,-90.74719,39.78221,304,21,40,19,90.5
62363,il,-90.77425,39.5936,5362,20,38,18,90
62365,il,-91.15939,39.79637,569,19,36,17,89.5
62366,il,-90.89432,39.45998,1873,22,41,19,86.4
62367,il,-90.87611,40.30522,2020,20,37,17,85
62370,il,-91.00191,39.52087,1122,22,41,19,86.4
62373,il,-91.34172,40.24218,482,19,36,17,89.5
62374,il,-90.91204,40.40891,466,20,37,17,85
62375,il,-90.87118,40.00419,570,18,35,17,94.4
62376,il,-91.42043,40.11507,1345,20,38,18,90
62378,il,-90.63513,39.89729,1177,22,40,18,81.8
62379,il,-91.40012,40.28675,2459,19,36,17,89.5
62380,il,-91.19085,40.24001,688,19,36,17,89.5
62401,il,-88.56417,39.1195,10804,20,38,18,90
62410,il,-87.72643,38.53241,1065,27,47,20,74.1
62411,il,-88.72962,39.0706,3127,20,38,18,90
62413,il,-87.83882,39.13962,687,22,40,18,81.8
62414,il,-88.83046,39.17068,1899,19,38,19,100
62417,il,-87.76566,38.70667,2582,25,45,20,80
62418,il,-88.96955,39.01845,2426,19,36,17,89.5
62419,il,-87.98536,38.61999,519,25,45,20,80
62420,il,-88.002,39.29043,4221,19,37,18,94.7
62421,il,-87.94353,38.75361,1076,24,43,19,79.2
62422,il,-88.8832,39.23882,1100,20,38,18,90
62423,il,-87.57964,39.46167,622,18,36,18,100
62424,il,-88.42237,38.98972,2191,21,39,18,85.7
62425,il,-88.09208,38.82852,946,22,41,19,86.4
62426,il,-88.66451,38.90212,1359,21,40,19,90.5
62427,il,-87.6593,38.87214,2369,23,42,19,82.6
62428,il,-88.13124,39.26359,3495,19,38,19,100
62431,il,-88.99105,39.22882,1300,19,37,18,94.7
62432,il,-88.13983,39.13547,1201,21,40,19,90.5
62433,il,-87.70352,39.11197,1037,26,46,20,76.9
62434,il,-88.32511,38.84324,665,23,42,19,82.6
62436,il,-88.25252,39.1799,707,21,40,19,90.5
62438,il,-88.86922,39.32112,521,20,38,18,90
62439,il,-87.63524,38.74656,6852,24,44,20,83.3
62440,il,-88.2679,39.3955,1221,17,35,18,105.9
62441,il,-87.69763,39.3976,5605,20,38,18,90
62442,il,-87.85504,39.31185,3015,19,37,18,94.7
62443,il,-88.62796,38.95411,1691,21,39,18,85.7
62444,il,-88.73928,39.27654,573,19,38,19,100
62445,il,-88.32118,39.16798,1265,20,39,19,95
62446,il,-88.21791,38.4975,1131,26,46,20,76.9
62447,il,-88.44441,39.3155,2783,18,36,18,100
62448,il,-88.18258,38.96893,7241,21,40,19,90.5
62449,il,-87.91068,39.00625,3836,23,42,19,82.6
62450,il,-88.09042,38.71236,8086,23,42,19,82.6
62451,il,-87.60621,38.99263,2011,26,46,20,76.9
62452,il,-88.01718,38.58633,515,26,45,19,73.1
62454,il,-87.75804,38.99866,7511,25,45,20,80
62458,il,-88.85147,39.02469,2084,18,36,18,100
62459,il,-88.02778,38.93002,439,22,41,19,86.4
62460,il,-87.69835,38.6084,1757,27,46,19,70.4
62461,il,-88.67569,39.19733,897,20,38,18,90
62462,il,-88.46392,39.23474,1118,19,38,19,100
62463,il,-88.60536,39.27666,1294,19,37,18,94.7
62465,il,-88.64046,39.34939,898,19,38,19,100
62466,il,-87.84972,38.7258,4059,25,44,19,76
62467,il,-88.435,39.13121,2745,20,38,18,90
62468,il,-88.27034,39.27745,2505,20,38,18,90
62469,il,-88.3405,39.34859,573,18,36,18,100
62471,il,-89.1306,38.9546,6595,19,38,19,100
62473,il,-88.56543,39.02029,855,21,40,19,90.5
62474,il,-87.9965,39.43664,799,18,36,18,100
62475,il,-88.05154,38.88703,927,22,41,19,86.4
62476,il,-88.00935,38.53406,2201,27,47,20,74.1
62477,il,-87.6628,39.23693,1247,22,41,19,86.4
62478,il,-87.74267,39.17838,586,23,42,19,82.6
62479,il,-88.31124,39.03755,1435,21,40,19,90.5
62480,il,-88.0016,38.99865,1766,22,41,19,86.4
62481,il,-88.02201,39.12724,986,21,40,19,90.5
62501,il,-88.80518,39.93397,2202,17,35,18,105.9
62510,il,-89.02694,39.5315,1560,19,37,18,94.7
62512,il,-89.20359,40.145,591,18,36,18,100
62513,il,-89.15082,39.72198,1499,18,37,19,105.6
62514,il,-89.05069,39.76244,170,18,37,19,105.6
62515,il,-89.37652,39.85838,1303,18,37,19,105.6
62517,il,-89.43114,39.59134,137,18,37,19,105.6
62518,il,-89.19141,40.0542,503,18,37,19,105.6
62519,il,-89.39531,39.9288,86,18,36,18,100
62520,il,-89.45595,39.81792,1002,17,37,20,117.6
62521,il,-88.92535,39.81508,18856,18,37,19,105.6
62522,il,-89.05111,39.82901,7632,19,38,19,100
62523,il,-88.95222,39.8441,455,19,38,19,100
62526,il,-88.98791,39.90151,14758,19,37,18,94.7
62530,il,-89.66136,39.56175,1254,18,37,19,105.6
62531,il,-89.37665,39.66695,1634,18,37,19,105.6
62532,il,-88.98925,39.76339,88,18,37,19,105.6
62533,il,-89.62235,39.44421,1140,17,37,20,117.6
62534,il,-88.79855,39.53446,1333,19,37,18,94.7
62535,il,-88.96887,39.92471,1631,19,37,18,94.7
62536,il,-89.65136,39.63017,576,17,37,20,117.6
62537,il,-89.09471,39.85313,51,20,39,19,95
62538,il,-89.51994,39.35642,586,17,36,19,111.8
62539,il,-89.25128,39.86603,1542,19,38,19,100
62540,il,-89.41827,39.58386,845,18,37,19,105.6
62541,il,-89.35515,39.96537,51,18,37,19,105.6
62543,il,-89.15222,39.97141,481,19,38,19,100
62544,il,-88.96787,39.7064,1553,18,36,18,100
62545,il,-89.38949,39.76185,1051,18,37,19,105.6
62546,il,-89.43981,39.43185,1861,16,35,19,118.8
62547,il,-89.24893,39.76895,981,18,38,20,111.1
62548,il,-89.28228,39.97847,2218,18,37,19,105.6
62549,il,-88.86587,39.7705,2715,17,36,19,111.8
62550,il,-88.9919,39.61142,2266,18,37,19,105.6
62551,il,-89.15767,39.85316,779,19,38,19,100
62553,il,-89.10717,39.2663,604,18,36,18,100
62554,il,-88.8715,39.94904,913,18,36,18,100
62555,il,-89.2206,39.46631,667,18,37,19,105.6
62556,il,-89.37327,39.46992,473,17,36,19,111.8
62557,il,-89.1048,39.39705,4989,19,38,19,100
62558,il,-89.54034,39.58973,3179,17,37,20,117.6
62560,il,-89.60114,39.30221,1555,18,37,19,105.6
62561,il,-89.50857,39.86625,2709,17,36,19,111.8
62563,il,-89.50302,39.71568,3562,17,37,20,117.6
62565,il,-88.80428,39.41131,5467,19,38,19,100
62567,il,-89.18986,39.64522,954,18,37,19,105.6
62568,il,-89.29025,39.56083,8383,18,37,19,105.6
62570,il,-89.4484,39.58861,297,17,37,20,117.6
62571,il,-88.96115,39.38064,1462,19,38,19,100
62572,il,-89.70152,39.36093,939,18,38,20,111.1
62573,il,-89.07413,39.94542,1058,19,37,18,94.7
62601,il,-90.04085,39.74872,676,18,37,19,105.6
62610,il,-90.43486,39.55884,138,18,37,19,105.6
62611,il,-90.39934,39.88562,1517,20,39,19,95
62612,il,-90.06704,39.88948,2122,18,37,19,105.6
62613,il,-89.66838,39.99175,2814,16,35,19,118.8
62615,il,-89.75737,39.58507,3515,18,38,20,111.1
62617,il,-90.17886,40.15251,1352,19,37,18,94.7
62618,il,-90.40073,39.98678,4841,21,40,19,90.5
62621,il,-90.53022,39.73137,1411,20,39,19,95
62622,il,-90.35345,39.97819,70,19,38,19,100
62624,il,-90.36216,40.15434,997,19,38,19,100
62625,il,-89.69581,39.91026,762,16,35,19,118.8
62626,il,-89.88404,39.28334,6299,20,39,19,95
62627,il,-90.12893,40.05627,1805,18,37,19,105.6
62628,il,-90.40325,39.77945,889,19,38,19,100
62629,il,-89.71396,39.67824,6125,17,37,20,117.6
62630,il,-90.07839,39.26082,826,21,42,21,100
62631,il,-90.3613,39.82437,326,19,38,19,100
62633,il,-89.87681,40.22646,1283,17,36,19,111.8
62634,il,-89.452,40.01314,1050,18,36,18,100
62635,il,-89.47144,40.2967,751,17,35,18,105.9
62638,il,-90.08183,39.60536,1491,18,38,20,111.1
62639,il,-90.488,40.04263,616,22,41,19,86.4
62640,il,-89.80527,39.43387,3178,19,38,19,100
62642,il,-89.71347,40.08907,1789,17,35,18,105.9
62643,il,-89.4517,40.24299,438,18,36,18,100
62644,il,-90.05435,40.2896,5208,19,37,18,94.7
62649,il,-90.06743,39.36529,764,20,41,21,105
62650,il,-90.22338,39.73454,13284,18,37,19,105.6
62655,il,-89.99407,40.16542,1067,18,37,19,105.6
62656,il,-89.37164,40.13987,8761,18,37,19,105.6
62661,il,-89.84042,39.6657,1260,18,37,19,105.6
62663,il,-90.32893,39.5407,240,18,36,18,100
62664,il,-89.72529,40.21227,2878,17,36,19,111.8
62665,il,-90.5339,39.81729,1605,22,40,18,81.8
62666,il,-89.54342,40.08558,712,17,36,19,111.8
62667,il,-89.99273,39.49451,835,18,38,20,111.1
62668,il,-90.23796,39.57232,1526,18,37,19,105.6
62670,il,-89.89387,39.74137,2881,17,37,20,117.6
62671,il,-89.55844,40.17288,668,17,36,19,111.8
62672,il,-89.80446,39.39801,200,19,39,20,105.3
62673,il,-89.9785,40.0947,886,18,36,18,100
62674,il,-90.02994,39.43467,1946,19,39,20,105.3
62675,il,-89.85911,40.02188,5609,17,36,19,111.8
62677,il,-89.87915,39.84983,2477,17,36,19,111.8
62681,il,-90.55886,40.13619,4748,19,37,18,94.7
62682,il,-89.63595,40.29218,913,17,35,18,105.9
62684,il,-89.58686,39.90926,2617,16,35,19,118.8
62685,il,-90.00355,39.1416,2647,21,41,20,95.2
62688,il,-89.92312,39.94598,1005,17,36,19,111.8
62689,il,-89.76177,39.53385,436,19,38,19,100
62690,il,-89.76318,39.50536,2786,19,39,20,105.3
62691,il,-90.21438,39.95914,3063,19,37,18,94.7
62692,il,-89.93991,39.5814,2236,18,38,20,111.1
62693,il,-89.51729,39.95827,1236,17,36,19,111.8
62694,il,-90.47136,39.62159,3841,20,39,19,95
62695,il,-90.22368,39.62708,127,17,36,19,111.8
62701,il,-89.64881,39.80071,497,16,35,19,118.8
62702,il,-89.64173,39.824,17125,16,35,19,118.8
62703,il,-89.62983,39.76176,16027,16,35,19,118.8
62704,il,-89.68516,39.77394,16708,16,35,19,118.8
62707,il,-89.65437,39.85438,4432,16,35,19,118.8
62711,il,-89.72936,39.76547,7661,16,36,20,125
62712,il,-89.58007,39.75333,4608,17,36,19,111.8
62801,il,-89.14165,38.51278,13040,23,43,20,87
62803,il,-89.29656,38.45286,1471,22,42,20,90.9
62806,il,-88.07485,38.38187,3480,31,50,19,61.3
62807,il,-88.92835,38.7455,1037,21,40,19,90.5
62808,il,-89.18744,38.30206,2282,22,42,20,90.9
62809,il,-88.33991,38.27908,303,27,47,20,74.1
62810,il,-88.74561,38.20309,1302,26,45,19,73.1
62811,il,-87.90561,38.38301,222,29,49,20,69
62812,il,-88.91699,37.99767,8303,30,50,20,66.7
62814,il,-88.73183,38.3783,2186,23,43,20,87
62815,il,-87.987,38.45706,643,29,49,20,69
62816,il,-88.92384,38.18587,1706,27,47,20,74.1
62817,il,-88.47793,37.95349,1233,30,50,20,66.7
62818,il,-87.96535,38.38328,694,30,50,20,66.7
62819,il,-89.0149,37.97951,458,30,50,20,66.7
62820,il,-88.23471,38.24347,604,29,49,20,69
62821,il,-88.13266,38.07341,8442,32,52,20,62.5
62822,il,-89.05652,37.97766,2008,30,49,19,63.3
62823,il,-88.43938,38.51962,2288,24,44,20,83.3
62824,il,-88.34651,38.67115,2676,24,44,20,83.3
62825,il,-89.06791,37.99832,174,28,48,20,71.4
62827,il,-88.04315,38.16914,2014,30,50,20,66.7
62828,il,-88.60683,38.19415,1826,26,46,20,76.9
62829,il,-88.48728,37.97593,92,30,50,20,66.7
62830,il,-88.96331,38.44684,1850,23,43,20,87
62831,il,-89.22125,38.23069,1110,25,45,20,80
62832,il,-89.24994,38.0122,6394,28,48,20,71.4
62833,il,-88.16051,38.36121,927,30,50,20,66.7
62835,il,-88.3203,38.10686,2404,29,49,20,69
62836,il,-88.80093,38.09034,954,28,48,20,71.4
62837,il,-88.35644,38.36803,7788,25,45,20,80
62838,il,-88.75557,38.87289,2110,20,39,19,95
62839,il,-88.49902,38.66519,4638,24,44,20,83.3
62841,il,-89.00017,37.85926,106,29,49,20,69
62842,il,-88.37309,38.47083,1073,25,44,19,76
62843,il,-88.19611,38.38223,211,28,48,20,71.4
62844,il,-88.04628,38.25813,2480,30,50,20,66.7
62846,il,-88.87033,38.14643,914,28,47,19,67.9
62848,il,-89.16483,38.43659,494,22,42,20,90.9
62849,il,-88.77354,38.58706,2355,23,43,20,87
62850,il,-88.59096,38.49534,569,24,44,20,83.3
62851,il,-88.66191,38.42068,566,25,45,20,80
62852,il,-87.86677,38.35013,111,29,49,20,69
62853,il,-88.9127,38.51467,822,23,42,19,82.6
62854,il,-88.80664,38.768,1950,21,40,19,90.5
62856,il,-88.83619,37.95749,319,29,49,20,69
62858,il,-88.4933,38.81474,4090,24,43,19,79.2
62859,il,-88.53396,38.07606,5537,28,48,20,71.4
62860,il,-88.72459,38.04086,823,27,47,20,74.1
62861,il,-88.02832,38.03195,280,31,51,20,64.5
62862,il,-88.2961,38.21731,909,29,49,20,69
62863,il,-87.85599,38.41644,7696,28,48,20,71.4
62864,il,-88.9026,38.33119,15733,23,43,20,87
62865,il,-89.0788,37.972,1854,29,49,20,69
62867,il,-88.10762,37.91638,893,31,50,19,61.3
62868,il,-88.2285,38.68377,2259,23,43,20,87
62869,il,-88.28121,37.96211,3803,30,49,19,63.3
62870,il,-89.05107,38.63491,1917,23,43,20,87
62871,il,-88.26821,37.87598,1259,31,51,20,64.5
62872,il,-88.80382,38.26642,831,24,43,19,79.2
62874,il,-88.97569,37.91936,411,30,49,19,63.3
62875,il,-89.12127,38.75914,1531,21,40,19,90.5
62876,il,-89.19573,38.27643,322,23,43,20,87
62877,il,-89.21306,38.39041,1035,22,41,19,86.4
62878,il,-88.50851,38.57871,815,24,44,20,83.3
62879,il,-88.36072,38.76497,109,24,44,20,83.3
62880,il,-88.8844,38.86699,959,19,37,18,94.7
62881,il,-88.92853,38.63516,6788,23,43,20,87
62882,il,-89.12008,38.63534,1663,23,42,19,82.6
62883,il,-89.11506,38.16329,861,26,46,20,76.9
62884,il,-89.05646,38.08226,2229,28,48,20,71.4
62885,il,-89.05495,38.85758,1146,20,38,18,90
62886,il,-88.53983,38.37887,596,26,46,20,76.9
62887,il,-88.35987,38.1874,766,29,49,20,69
62888,il,-89.23484,38.12849,2103,26,46,20,76.9
62889,il,-88.82919,38.45812,766,22,42,20,90.9
62890,il,-88.73756,37.90644,3333,28,48,20,71.4
62891,il,-89.04303,38.01521,528,29,49,20,69
62892,il,-89.0783,38.80657,544,20,39,19,95
62893,il,-89.03284,38.46704,762,23,43,20,87
62894,il,-89.03685,38.20901,1275,26,46,20,76.9
62895,il,-88.56342,38.31013,2465,27,47,20,74.1
62896,il,-88.91636,37.89103,8362,29,49,20,69
62897,il,-88.90234,38.09633,567,28,48,20,71.4
62898,il,-89.06475,38.35054,1803,24,43,19,79.2
62899,il,-88.64567,38.63187,2686,23,43,20,87
62901,il,-89.20843,37.73825,9395,30,51,21,70
62902,il,-89.11727,37.66361,4114,30,50,20,66.7
62903,il,-89.27783,37.67038,1178,29,50,21,72.4
62905,il,-89.3652,37.574,689,28,48,20,71.4
62906,il,-89.18699,37.45664,4081,30,51,21,70
62907,il,-89.49821,37.86677,2338,28,49,21,75
62908,il,-88.86573,37.30846,893,34,54,20,58.8
62910,il,-88.53346,37.15405,2703,33,54,21,63.6
62912,il,-89.03917,37.4766,1137,32,52,20,62.5
62914,il,-89.22253,37.0655,3459,39,59,20,51.3
62915,il,-89.11965,37.78357,246,29,49,20,69
62916,il,-89.56416,37.92861,939,28,48,20,71.4
62917,il,-88.64887,37.69813,2119,32,52,20,62.5
62918,il,-89.08771,37.79,6897,29,49,20,69
62919,il,-88.14886,37.5208,1222,29,49,20,69
62920,il,-89.23507,37.54895,2266,30,50,20,66.7
62921,il,-89.0842,37.8016,516,29,49,20,69
62922,il,-88.81597,37.62103,3992,29,49,20,69
62923,il,-89.01473,37.34436,607,33,53,20,60.6
62924,il,-89.2047,37.82385,2155,31,51,20,64.5
62926,il,-89.13393,37.36735,1920,33,53,20,60.6
62927,il,-89.24154,37.93535,506,30,50,20,66.7
62928,il,-88.5791,37.48287,471,28,48,20,71.4
62930,il,-88.44117,37.83824,5018,31,51,20,64.5
62931,il,-88.28676,37.52855,2109,28,47,19,67.9
62932,il,-89.21403,37.90345,1676,30,50,20,66.7
62933,il,-89.02484,37.77251,700,28,48,20,71.4
62934,il,-88.36434,37.70452,1654,30,50,20,66.7
62935,il,-88.6338,37.84123,2125,31,51,20,64.5
62938,il,-88.54275,37.38014,4262,30,50,20,66.7
62939,il,-88.98146,37.55119,3751,29,49,20,69
62940,il,-89.47209,37.73167,756,32,52,20,62.5
62941,il,-88.9809,37.24449,815,34,55,21,61.8
62942,il,-89.4692,37.64349,925,33,53,20,60.6
62943,il,-88.74775,37.35643,898,33,53,20,60.6
62946,il,-88.53816,37.70724,9941,32,52,20,62.5
62947,il,-88.44007,37.56336,873,25,45,20,80
62948,il,-89.0295,37.81687,7804,28,47,19,67.9
62949,il,-89.14446,37.82805,703,30,51,21,70
62950,il,-89.56041,37.75546,586,32,53,21,65.6
62951,il,-88.92915,37.82352,4132,27,47,20,74.1
62952,il,-89.33728,37.41825,2431,31,51,20,64.5
62953,il,-88.84993,37.20845,263,35,56,21,60
62954,il,-88.27478,37.69117,947,30,50,20,66.7
62956,il,-88.94231,37.27994,921,34,54,20,58.8
62957,il,-89.42661,37.30788,851,32,52,20,62.5
62958,il,-89.16583,37.59973,1915,29,49,20,69
62959,il,-88.90775,37.71805,18047,29,49,20,69
62960,il,-88.71073,37.22607,7401,35,55,20,57.1
62961,il,-89.25517,37.34029,67,32,53,21,65.6
62962,il,-89.33497,37.07374,284,37,57,20,54.1
62963,il,-89.16241,37.0939,802,38,59,21,55.3
62964,il,-89.21529,37.12855,1687,37,58,21,56.8
62965,il,-88.52021,37.76716,161,32,52,20,62.5
62966,il,-89.35107,37.77509,9902,31,51,20,64.5
62967,il,-88.75178,37.58046,342,28,48,20,71.4
62969,il,-89.34346,37.15792,713,33,54,21,63.6
62970,il,-89.09964,37.21475,817,35,55,20,57.1
62972,il,-88.79126,37.53704,1962,29,49,20,69
62974,il,-88.78464,37.77737,1523,28,48,20,71.4
62975,il,-89.37779,37.63754,493,29,49,20,69
62976,il,-89.20552,37.21898,843,34,54,20,58.8
62977,il,-88.54486,37.85395,757,31,51,20,64.5
62979,il,-88.19176,37.81608,1958,31,51,20,64.5
62982,il,-88.35982,37.42812,881,29,48,19,65.5
62983,il,-89.11721,37.90493,1348,30,50,20,66.7
62984,il,-88.15473,37.71061,2075,31,51,20,64.5
62985,il,-88.68959,37.46084,1119,31,52,21,67.7
62987,il,-88.65423,37.61681,1847,29,49,20,69
62988,il,-89.29748,37.24397,1734,33,54,21,63.6
62990,il,-89.40644,37.23089,1011,31,51,20,64.5
62992,il,-89.16671,37.27904,975,34,55,21,61.8
62994,il,-89.34079,37.90776,941,30,51,21,70
62995,il,-88.87526,37.42601,3202,31,52,21,67.7
62996,il,-89.15445,37.16322,728,35,56,21,60
62997,il,-89.59043,37.9823,448,27,48,21,77.8
62998,il,-89.44744,37.51589,504,33,54,21,63.6
62999,il,-89.05255,37.89169,1103,30,49,19,63.3
63673,il,-89.99082,37.84214,2223,31,52,20,66.9
